{"cameraMode":{"drawMode":0,"name":"Shaded","section":"Shading Mode"},"sceneLighting":true,"audioPlay":false,"sceneViewState":{"m_AlwaysRefresh":false,"showFog":true,"showSkybox":true,"showFlares":true,"showImageEffects":true,"showParticleSystems":true,"showVisualEffectGraphs":true,"m_FxEnabled":true},"in2DMode":false,"pivot":{"x":4.375968933105469,"y":-0.07062625885009766,"z":-4.2773284912109379},"rotation":{"x":0.12048505991697312,"y":0.5849299430847168,"z":-0.08840559422969818,"w":0.7972118854522705},"size":9.677492141723633,"orthographic":false}