{"cameraMode":{"drawMode":0,"name":"Shaded","section":"Shading Mode"},"sceneLighting":true,"audioPlay":false,"sceneViewState":{"m_AlwaysRefresh":false,"showFog":true,"showSkybox":true,"showFlares":true,"showImageEffects":true,"showParticleSystems":true,"showVisualEffectGraphs":true,"m_FxEnabled":true},"in2DMode":false,"pivot":{"x":0.3630629777908325,"y":1.0524826049804688,"z":-0.07104873657226563},"rotation":{"x":0.18888162076473237,"y":-0.06916818767786026,"z":0.013335310854017735,"w":0.9794814586639404},"size":3.658205509185791,"orthographic":false}