{"cameraMode":{"drawMode":0,"name":"Shaded","section":"Shading Mode"},"sceneLighting":true,"audioPlay":false,"sceneViewState":{"m_AlwaysRefresh":false,"showFog":true,"showSkybox":true,"showFlares":true,"showImageEffects":true,"showParticleSystems":true,"showVisualEffectGraphs":true,"m_FxEnabled":true},"in2DMode":false,"pivot":{"x":0.323062926530838,"y":1.0524826049804688,"z":-0.07104873657226563},"rotation":{"x":-0.05439349263906479,"y":-0.6338049173355103,"z":-0.04476017877459526,"w":0.7702867388725281},"size":2.461622476577759,"orthographic":false}